Frequency,Amplitude
2016000000.0,-122.4757537842
2016000000.0,-121.9312286377
2016000000.0,-122.1644287109
2016000000.0,-121.4199981689
2016000000.0,-123.1963195801
2016000000.0,-121.5206756592
2016000000.0,-121.1791687012
2016000000.0,-121.908996582
2016000000.0,-120.6094055176
2016000000.0,-121.2175598145
